<?xml version="1.0" encoding="UTF-8"?>
<config xmlns="http://www.knime.org/2008/09/XMLConfig" xmlns:xsi="http://www.w3.org/2001/XMLSchema-instance" xsi:schemaLocation="http://www.knime.org/2008/09/XMLConfig http://www.knime.org/XMLConfig_2008_09.xsd" key="DataTableSpec">
<entry key="spec_name" type="xstring" value="default"/>
<entry key="number_columns" type="xint" value="5"/>
<config key="column_spec_0">
<entry key="column_name" type="xstring" value="ID"/>
<config key="element_names">
<entry key="array-size" type="xint" value="0"/>
</config>
<config key="column_type">
<entry key="cell_class" type="xstring" value="org.knime.core.data.def.StringCell"/>
</config>
<config key="column_domain">
<config key="possible_values">
<entry key="array-size" type="xint" value="59"/>
<config key="0">
<entry key="datacell" type="xstring" value="org.knime.core.data.def.StringCell"/>
<config key="org.knime.core.data.def.StringCell">
<entry key="StringCell" type="xstring" value="s0004V1962r"/>
</config>
</config>
<config key="1">
<entry key="datacell" type="xstring" value="org.knime.core.data.def.StringCell"/>
<config key="org.knime.core.data.def.StringCell">
<entry key="StringCell" type="xstring" value="s0006V1962"/>
</config>
</config>
<config key="2">
<entry key="datacell" type="xstring" value="org.knime.core.data.def.StringCell"/>
<config key="org.knime.core.data.def.StringCell">
<entry key="StringCell" type="xstring" value="s0010V1962"/>
</config>
</config>
<config key="3">
<entry key="datacell" type="xstring" value="org.knime.core.data.def.StringCell"/>
<config key="org.knime.core.data.def.StringCell">
<entry key="StringCell" type="xstring" value="s0056V1962"/>
</config>
</config>
<config key="4">
<entry key="datacell" type="xstring" value="org.knime.core.data.def.StringCell"/>
<config key="org.knime.core.data.def.StringCell">
<entry key="StringCell" type="xstring" value="s0058V1962"/>
</config>
</config>
<config key="5">
<entry key="datacell" type="xstring" value="org.knime.core.data.def.StringCell"/>
<config key="org.knime.core.data.def.StringCell">
<entry key="StringCell" type="xstring" value="s0059V1962"/>
</config>
</config>
<config key="6">
<entry key="datacell" type="xstring" value="org.knime.core.data.def.StringCell"/>
<config key="org.knime.core.data.def.StringCell">
<entry key="StringCell" type="xstring" value="s0061V1962"/>
</config>
</config>
<config key="7">
<entry key="datacell" type="xstring" value="org.knime.core.data.def.StringCell"/>
<config key="org.knime.core.data.def.StringCell">
<entry key="StringCell" type="xstring" value="s0062V1962"/>
</config>
</config>
<config key="8">
<entry key="datacell" type="xstring" value="org.knime.core.data.def.StringCell"/>
<config key="org.knime.core.data.def.StringCell">
<entry key="StringCell" type="xstring" value="s0068V1962r"/>
</config>
</config>
<config key="9">
<entry key="datacell" type="xstring" value="org.knime.core.data.def.StringCell"/>
<config key="org.knime.core.data.def.StringCell">
<entry key="StringCell" type="xstring" value="s0069V1962"/>
</config>
</config>
<config key="10">
<entry key="datacell" type="xstring" value="org.knime.core.data.def.StringCell"/>
<config key="org.knime.core.data.def.StringCell">
<entry key="StringCell" type="xstring" value="s0072V1962"/>
</config>
</config>
<config key="11">
<entry key="datacell" type="xstring" value="org.knime.core.data.def.StringCell"/>
<config key="org.knime.core.data.def.StringCell">
<entry key="StringCell" type="xstring" value="s0075V1962"/>
</config>
</config>
<config key="12">
<entry key="datacell" type="xstring" value="org.knime.core.data.def.StringCell"/>
<config key="org.knime.core.data.def.StringCell">
<entry key="StringCell" type="xstring" value="s0084V1962"/>
</config>
</config>
<config key="13">
<entry key="datacell" type="xstring" value="org.knime.core.data.def.StringCell"/>
<config key="org.knime.core.data.def.StringCell">
<entry key="StringCell" type="xstring" value="s0089V1962"/>
</config>
</config>
<config key="14">
<entry key="datacell" type="xstring" value="org.knime.core.data.def.StringCell"/>
<config key="org.knime.core.data.def.StringCell">
<entry key="StringCell" type="xstring" value="s0097V1962r"/>
</config>
</config>
<config key="15">
<entry key="datacell" type="xstring" value="org.knime.core.data.def.StringCell"/>
<config key="org.knime.core.data.def.StringCell">
<entry key="StringCell" type="xstring" value="s0101V1962"/>
</config>
</config>
<config key="16">
<entry key="datacell" type="xstring" value="org.knime.core.data.def.StringCell"/>
<config key="org.knime.core.data.def.StringCell">
<entry key="StringCell" type="xstring" value="s0102V1962"/>
</config>
</config>
<config key="17">
<entry key="datacell" type="xstring" value="org.knime.core.data.def.StringCell"/>
<config key="org.knime.core.data.def.StringCell">
<entry key="StringCell" type="xstring" value="s0103V1962"/>
</config>
</config>
<config key="18">
<entry key="datacell" type="xstring" value="org.knime.core.data.def.StringCell"/>
<config key="org.knime.core.data.def.StringCell">
<entry key="StringCell" type="xstring" value="s0132V1962"/>
</config>
</config>
<config key="19">
<entry key="datacell" type="xstring" value="org.knime.core.data.def.StringCell"/>
<config key="org.knime.core.data.def.StringCell">
<entry key="StringCell" type="xstring" value="s0139V1962"/>
</config>
</config>
<config key="20">
<entry key="datacell" type="xstring" value="org.knime.core.data.def.StringCell"/>
<config key="org.knime.core.data.def.StringCell">
<entry key="StringCell" type="xstring" value="s0143V1962"/>
</config>
</config>
<config key="21">
<entry key="datacell" type="xstring" value="org.knime.core.data.def.StringCell"/>
<config key="org.knime.core.data.def.StringCell">
<entry key="StringCell" type="xstring" value="s0199V1962"/>
</config>
</config>
<config key="22">
<entry key="datacell" type="xstring" value="org.knime.core.data.def.StringCell"/>
<config key="org.knime.core.data.def.StringCell">
<entry key="StringCell" type="xstring" value="s0200V1962"/>
</config>
</config>
<config key="23">
<entry key="datacell" type="xstring" value="org.knime.core.data.def.StringCell"/>
<config key="org.knime.core.data.def.StringCell">
<entry key="StringCell" type="xstring" value="s0201V1962"/>
</config>
</config>
<config key="24">
<entry key="datacell" type="xstring" value="org.knime.core.data.def.StringCell"/>
<config key="org.knime.core.data.def.StringCell">
<entry key="StringCell" type="xstring" value="s0202V1962"/>
</config>
</config>
<config key="25">
<entry key="datacell" type="xstring" value="org.knime.core.data.def.StringCell"/>
<config key="org.knime.core.data.def.StringCell">
<entry key="StringCell" type="xstring" value="s0343V1966"/>
</config>
</config>
<config key="26">
<entry key="datacell" type="xstring" value="org.knime.core.data.def.StringCell"/>
<config key="org.knime.core.data.def.StringCell">
<entry key="StringCell" type="xstring" value="d0012V1962r"/>
</config>
</config>
<config key="27">
<entry key="datacell" type="xstring" value="org.knime.core.data.def.StringCell"/>
<config key="org.knime.core.data.def.StringCell">
<entry key="StringCell" type="xstring" value="d0012V1962v"/>
</config>
</config>
<config key="28">
<entry key="datacell" type="xstring" value="org.knime.core.data.def.StringCell"/>
<config key="org.knime.core.data.def.StringCell">
<entry key="StringCell" type="xstring" value="d0013V1962"/>
</config>
</config>
<config key="29">
<entry key="datacell" type="xstring" value="org.knime.core.data.def.StringCell"/>
<config key="org.knime.core.data.def.StringCell">
<entry key="StringCell" type="xstring" value="d0014V1962r"/>
</config>
</config>
<config key="30">
<entry key="datacell" type="xstring" value="org.knime.core.data.def.StringCell"/>
<config key="org.knime.core.data.def.StringCell">
<entry key="StringCell" type="xstring" value="d0014V1962v"/>
</config>
</config>
<config key="31">
<entry key="datacell" type="xstring" value="org.knime.core.data.def.StringCell"/>
<config key="org.knime.core.data.def.StringCell">
<entry key="StringCell" type="xstring" value="d0015V1962r"/>
</config>
</config>
<config key="32">
<entry key="datacell" type="xstring" value="org.knime.core.data.def.StringCell"/>
<config key="org.knime.core.data.def.StringCell">
<entry key="StringCell" type="xstring" value="d0015V1962v"/>
</config>
</config>
<config key="33">
<entry key="datacell" type="xstring" value="org.knime.core.data.def.StringCell"/>
<config key="org.knime.core.data.def.StringCell">
<entry key="StringCell" type="xstring" value="d0031V1962v"/>
</config>
</config>
<config key="34">
<entry key="datacell" type="xstring" value="org.knime.core.data.def.StringCell"/>
<config key="org.knime.core.data.def.StringCell">
<entry key="StringCell" type="xstring" value="d0034V1962r"/>
</config>
</config>
<config key="35">
<entry key="datacell" type="xstring" value="org.knime.core.data.def.StringCell"/>
<config key="org.knime.core.data.def.StringCell">
<entry key="StringCell" type="xstring" value="d0036V1962r"/>
</config>
</config>
<config key="36">
<entry key="datacell" type="xstring" value="org.knime.core.data.def.StringCell"/>
<config key="org.knime.core.data.def.StringCell">
<entry key="StringCell" type="xstring" value="d0036V1962v"/>
</config>
</config>
<config key="37">
<entry key="datacell" type="xstring" value="org.knime.core.data.def.StringCell"/>
<config key="org.knime.core.data.def.StringCell">
<entry key="StringCell" type="xstring" value="d0056V1962r"/>
</config>
</config>
<config key="38">
<entry key="datacell" type="xstring" value="org.knime.core.data.def.StringCell"/>
<config key="org.knime.core.data.def.StringCell">
<entry key="StringCell" type="xstring" value="d0056V1962v"/>
</config>
</config>
<config key="39">
<entry key="datacell" type="xstring" value="org.knime.core.data.def.StringCell"/>
<config key="org.knime.core.data.def.StringCell">
<entry key="StringCell" type="xstring" value="d0062V1962"/>
</config>
</config>
<config key="40">
<entry key="datacell" type="xstring" value="org.knime.core.data.def.StringCell"/>
<config key="org.knime.core.data.def.StringCell">
<entry key="StringCell" type="xstring" value="d0136V1962r"/>
</config>
</config>
<config key="41">
<entry key="datacell" type="xstring" value="org.knime.core.data.def.StringCell"/>
<config key="org.knime.core.data.def.StringCell">
<entry key="StringCell" type="xstring" value="d0137V1962r"/>
</config>
</config>
<config key="42">
<entry key="datacell" type="xstring" value="org.knime.core.data.def.StringCell"/>
<config key="org.knime.core.data.def.StringCell">
<entry key="StringCell" type="xstring" value="d0138V1962r"/>
</config>
</config>
<config key="43">
<entry key="datacell" type="xstring" value="org.knime.core.data.def.StringCell"/>
<config key="org.knime.core.data.def.StringCell">
<entry key="StringCell" type="xstring" value="d0140V1962r"/>
</config>
</config>
<config key="44">
<entry key="datacell" type="xstring" value="org.knime.core.data.def.StringCell"/>
<config key="org.knime.core.data.def.StringCell">
<entry key="StringCell" type="xstring" value="d0153V1970"/>
</config>
</config>
<config key="45">
<entry key="datacell" type="xstring" value="org.knime.core.data.def.StringCell"/>
<config key="org.knime.core.data.def.StringCell">
<entry key="StringCell" type="xstring" value="d0158V1962"/>
</config>
</config>
<config key="46">
<entry key="datacell" type="xstring" value="org.knime.core.data.def.StringCell"/>
<config key="org.knime.core.data.def.StringCell">
<entry key="StringCell" type="xstring" value="d0159V1962r"/>
</config>
</config>
<config key="47">
<entry key="datacell" type="xstring" value="org.knime.core.data.def.StringCell"/>
<config key="org.knime.core.data.def.StringCell">
<entry key="StringCell" type="xstring" value="d0159V1962v"/>
</config>
</config>
<config key="48">
<entry key="datacell" type="xstring" value="org.knime.core.data.def.StringCell"/>
<config key="org.knime.core.data.def.StringCell">
<entry key="StringCell" type="xstring" value="d0160V1962v"/>
</config>
</config>
<config key="49">
<entry key="datacell" type="xstring" value="org.knime.core.data.def.StringCell"/>
<config key="org.knime.core.data.def.StringCell">
<entry key="StringCell" type="xstring" value="d0180V1962r"/>
</config>
</config>
<config key="50">
<entry key="datacell" type="xstring" value="org.knime.core.data.def.StringCell"/>
<config key="org.knime.core.data.def.StringCell">
<entry key="StringCell" type="xstring" value="d0180V1962v"/>
</config>
</config>
<config key="51">
<entry key="datacell" type="xstring" value="org.knime.core.data.def.StringCell"/>
<config key="org.knime.core.data.def.StringCell">
<entry key="StringCell" type="xstring" value="d0190V1962r"/>
</config>
</config>
<config key="52">
<entry key="datacell" type="xstring" value="org.knime.core.data.def.StringCell"/>
<config key="org.knime.core.data.def.StringCell">
<entry key="StringCell" type="xstring" value="d0212V1962v"/>
</config>
</config>
<config key="53">
<entry key="datacell" type="xstring" value="org.knime.core.data.def.StringCell"/>
<config key="org.knime.core.data.def.StringCell">
<entry key="StringCell" type="xstring" value="d0303V1972v"/>
</config>
</config>
<config key="54">
<entry key="datacell" type="xstring" value="org.knime.core.data.def.StringCell"/>
<config key="org.knime.core.data.def.StringCell">
<entry key="StringCell" type="xstring" value="d0399V1962"/>
</config>
</config>
<config key="55">
<entry key="datacell" type="xstring" value="org.knime.core.data.def.StringCell"/>
<config key="org.knime.core.data.def.StringCell">
<entry key="StringCell" type="xstring" value="d0401V1962"/>
</config>
</config>
<config key="56">
<entry key="datacell" type="xstring" value="org.knime.core.data.def.StringCell"/>
<config key="org.knime.core.data.def.StringCell">
<entry key="StringCell" type="xstring" value="d0402V1962r"/>
</config>
</config>
<config key="57">
<entry key="datacell" type="xstring" value="org.knime.core.data.def.StringCell"/>
<config key="org.knime.core.data.def.StringCell">
<entry key="StringCell" type="xstring" value="d0402V1962v"/>
</config>
</config>
<config key="58">
<entry key="datacell" type="xstring" value="org.knime.core.data.def.StringCell"/>
<config key="org.knime.core.data.def.StringCell">
<entry key="StringCell" type="xstring" value="d1125S2005"/>
</config>
</config>
</config>
</config>
<config key="column_properties"/>
<config key="meta_data"/>
</config>
<config key="column_spec_1">
<entry key="column_name" type="xstring" value="Object number"/>
<config key="element_names">
<entry key="array-size" type="xint" value="0"/>
</config>
<config key="column_type">
<entry key="cell_class" type="xstring" value="org.knime.core.data.def.StringCell"/>
</config>
<config key="column_domain">
<config key="possible_values">
<entry key="array-size" type="xint" value="59"/>
<config key="0">
<entry key="datacell" type="xstring" value="org.knime.core.data.def.StringCell"/>
<config key="org.knime.core.data.def.StringCell">
<entry key="StringCell" type="xstring" value="s0004V1962r"/>
</config>
</config>
<config key="1">
<entry key="datacell" type="xstring" value="org.knime.core.data.def.StringCell"/>
<config key="org.knime.core.data.def.StringCell">
<entry key="StringCell" type="xstring" value="s0006V1962"/>
</config>
</config>
<config key="2">
<entry key="datacell" type="xstring" value="org.knime.core.data.def.StringCell"/>
<config key="org.knime.core.data.def.StringCell">
<entry key="StringCell" type="xstring" value="s0010V1962"/>
</config>
</config>
<config key="3">
<entry key="datacell" type="xstring" value="org.knime.core.data.def.StringCell"/>
<config key="org.knime.core.data.def.StringCell">
<entry key="StringCell" type="xstring" value="s0056V1962"/>
</config>
</config>
<config key="4">
<entry key="datacell" type="xstring" value="org.knime.core.data.def.StringCell"/>
<config key="org.knime.core.data.def.StringCell">
<entry key="StringCell" type="xstring" value="s0058V1962"/>
</config>
</config>
<config key="5">
<entry key="datacell" type="xstring" value="org.knime.core.data.def.StringCell"/>
<config key="org.knime.core.data.def.StringCell">
<entry key="StringCell" type="xstring" value="s0059V1962"/>
</config>
</config>
<config key="6">
<entry key="datacell" type="xstring" value="org.knime.core.data.def.StringCell"/>
<config key="org.knime.core.data.def.StringCell">
<entry key="StringCell" type="xstring" value="s0061V1962"/>
</config>
</config>
<config key="7">
<entry key="datacell" type="xstring" value="org.knime.core.data.def.StringCell"/>
<config key="org.knime.core.data.def.StringCell">
<entry key="StringCell" type="xstring" value="s0062V1962"/>
</config>
</config>
<config key="8">
<entry key="datacell" type="xstring" value="org.knime.core.data.def.StringCell"/>
<config key="org.knime.core.data.def.StringCell">
<entry key="StringCell" type="xstring" value="s0068V1962r"/>
</config>
</config>
<config key="9">
<entry key="datacell" type="xstring" value="org.knime.core.data.def.StringCell"/>
<config key="org.knime.core.data.def.StringCell">
<entry key="StringCell" type="xstring" value="s0069V1962"/>
</config>
</config>
<config key="10">
<entry key="datacell" type="xstring" value="org.knime.core.data.def.StringCell"/>
<config key="org.knime.core.data.def.StringCell">
<entry key="StringCell" type="xstring" value="s0072V1962"/>
</config>
</config>
<config key="11">
<entry key="datacell" type="xstring" value="org.knime.core.data.def.StringCell"/>
<config key="org.knime.core.data.def.StringCell">
<entry key="StringCell" type="xstring" value="s0075V1962"/>
</config>
</config>
<config key="12">
<entry key="datacell" type="xstring" value="org.knime.core.data.def.StringCell"/>
<config key="org.knime.core.data.def.StringCell">
<entry key="StringCell" type="xstring" value="s0084V1962"/>
</config>
</config>
<config key="13">
<entry key="datacell" type="xstring" value="org.knime.core.data.def.StringCell"/>
<config key="org.knime.core.data.def.StringCell">
<entry key="StringCell" type="xstring" value="s0089V1962"/>
</config>
</config>
<config key="14">
<entry key="datacell" type="xstring" value="org.knime.core.data.def.StringCell"/>
<config key="org.knime.core.data.def.StringCell">
<entry key="StringCell" type="xstring" value="s0097V1962r"/>
</config>
</config>
<config key="15">
<entry key="datacell" type="xstring" value="org.knime.core.data.def.StringCell"/>
<config key="org.knime.core.data.def.StringCell">
<entry key="StringCell" type="xstring" value="s0101V1962"/>
</config>
</config>
<config key="16">
<entry key="datacell" type="xstring" value="org.knime.core.data.def.StringCell"/>
<config key="org.knime.core.data.def.StringCell">
<entry key="StringCell" type="xstring" value="s0102V1962"/>
</config>
</config>
<config key="17">
<entry key="datacell" type="xstring" value="org.knime.core.data.def.StringCell"/>
<config key="org.knime.core.data.def.StringCell">
<entry key="StringCell" type="xstring" value="s0103V1962"/>
</config>
</config>
<config key="18">
<entry key="datacell" type="xstring" value="org.knime.core.data.def.StringCell"/>
<config key="org.knime.core.data.def.StringCell">
<entry key="StringCell" type="xstring" value="s0132V1962"/>
</config>
</config>
<config key="19">
<entry key="datacell" type="xstring" value="org.knime.core.data.def.StringCell"/>
<config key="org.knime.core.data.def.StringCell">
<entry key="StringCell" type="xstring" value="s0139V1962"/>
</config>
</config>
<config key="20">
<entry key="datacell" type="xstring" value="org.knime.core.data.def.StringCell"/>
<config key="org.knime.core.data.def.StringCell">
<entry key="StringCell" type="xstring" value="s0143V1962"/>
</config>
</config>
<config key="21">
<entry key="datacell" type="xstring" value="org.knime.core.data.def.StringCell"/>
<config key="org.knime.core.data.def.StringCell">
<entry key="StringCell" type="xstring" value="s0199V1962"/>
</config>
</config>
<config key="22">
<entry key="datacell" type="xstring" value="org.knime.core.data.def.StringCell"/>
<config key="org.knime.core.data.def.StringCell">
<entry key="StringCell" type="xstring" value="s0200V1962"/>
</config>
</config>
<config key="23">
<entry key="datacell" type="xstring" value="org.knime.core.data.def.StringCell"/>
<config key="org.knime.core.data.def.StringCell">
<entry key="StringCell" type="xstring" value="s0201V1962"/>
</config>
</config>
<config key="24">
<entry key="datacell" type="xstring" value="org.knime.core.data.def.StringCell"/>
<config key="org.knime.core.data.def.StringCell">
<entry key="StringCell" type="xstring" value="s0202V1962"/>
</config>
</config>
<config key="25">
<entry key="datacell" type="xstring" value="org.knime.core.data.def.StringCell"/>
<config key="org.knime.core.data.def.StringCell">
<entry key="StringCell" type="xstring" value="s0343V1966"/>
</config>
</config>
<config key="26">
<entry key="datacell" type="xstring" value="org.knime.core.data.def.StringCell"/>
<config key="org.knime.core.data.def.StringCell">
<entry key="StringCell" type="xstring" value="d0012V1962r"/>
</config>
</config>
<config key="27">
<entry key="datacell" type="xstring" value="org.knime.core.data.def.StringCell"/>
<config key="org.knime.core.data.def.StringCell">
<entry key="StringCell" type="xstring" value="d0012V1962v"/>
</config>
</config>
<config key="28">
<entry key="datacell" type="xstring" value="org.knime.core.data.def.StringCell"/>
<config key="org.knime.core.data.def.StringCell">
<entry key="StringCell" type="xstring" value="d0013V1962"/>
</config>
</config>
<config key="29">
<entry key="datacell" type="xstring" value="org.knime.core.data.def.StringCell"/>
<config key="org.knime.core.data.def.StringCell">
<entry key="StringCell" type="xstring" value="d0014V1962r"/>
</config>
</config>
<config key="30">
<entry key="datacell" type="xstring" value="org.knime.core.data.def.StringCell"/>
<config key="org.knime.core.data.def.StringCell">
<entry key="StringCell" type="xstring" value="d0014V1962v"/>
</config>
</config>
<config key="31">
<entry key="datacell" type="xstring" value="org.knime.core.data.def.StringCell"/>
<config key="org.knime.core.data.def.StringCell">
<entry key="StringCell" type="xstring" value="d0015V1962r"/>
</config>
</config>
<config key="32">
<entry key="datacell" type="xstring" value="org.knime.core.data.def.StringCell"/>
<config key="org.knime.core.data.def.StringCell">
<entry key="StringCell" type="xstring" value="d0015V1962v"/>
</config>
</config>
<config key="33">
<entry key="datacell" type="xstring" value="org.knime.core.data.def.StringCell"/>
<config key="org.knime.core.data.def.StringCell">
<entry key="StringCell" type="xstring" value="d0031V1962v"/>
</config>
</config>
<config key="34">
<entry key="datacell" type="xstring" value="org.knime.core.data.def.StringCell"/>
<config key="org.knime.core.data.def.StringCell">
<entry key="StringCell" type="xstring" value="d0034V1962r"/>
</config>
</config>
<config key="35">
<entry key="datacell" type="xstring" value="org.knime.core.data.def.StringCell"/>
<config key="org.knime.core.data.def.StringCell">
<entry key="StringCell" type="xstring" value="d0036V1962r"/>
</config>
</config>
<config key="36">
<entry key="datacell" type="xstring" value="org.knime.core.data.def.StringCell"/>
<config key="org.knime.core.data.def.StringCell">
<entry key="StringCell" type="xstring" value="d0036V1962v"/>
</config>
</config>
<config key="37">
<entry key="datacell" type="xstring" value="org.knime.core.data.def.StringCell"/>
<config key="org.knime.core.data.def.StringCell">
<entry key="StringCell" type="xstring" value="d0056V1962r"/>
</config>
</config>
<config key="38">
<entry key="datacell" type="xstring" value="org.knime.core.data.def.StringCell"/>
<config key="org.knime.core.data.def.StringCell">
<entry key="StringCell" type="xstring" value="d0056V1962v"/>
</config>
</config>
<config key="39">
<entry key="datacell" type="xstring" value="org.knime.core.data.def.StringCell"/>
<config key="org.knime.core.data.def.StringCell">
<entry key="StringCell" type="xstring" value="d0062V1962"/>
</config>
</config>
<config key="40">
<entry key="datacell" type="xstring" value="org.knime.core.data.def.StringCell"/>
<config key="org.knime.core.data.def.StringCell">
<entry key="StringCell" type="xstring" value="d0136V1962r"/>
</config>
</config>
<config key="41">
<entry key="datacell" type="xstring" value="org.knime.core.data.def.StringCell"/>
<config key="org.knime.core.data.def.StringCell">
<entry key="StringCell" type="xstring" value="d0137V1962r"/>
</config>
</config>
<config key="42">
<entry key="datacell" type="xstring" value="org.knime.core.data.def.StringCell"/>
<config key="org.knime.core.data.def.StringCell">
<entry key="StringCell" type="xstring" value="d0138V1962r"/>
</config>
</config>
<config key="43">
<entry key="datacell" type="xstring" value="org.knime.core.data.def.StringCell"/>
<config key="org.knime.core.data.def.StringCell">
<entry key="StringCell" type="xstring" value="d0140V1962r"/>
</config>
</config>
<config key="44">
<entry key="datacell" type="xstring" value="org.knime.core.data.def.StringCell"/>
<config key="org.knime.core.data.def.StringCell">
<entry key="StringCell" type="xstring" value="d0153V1970"/>
</config>
</config>
<config key="45">
<entry key="datacell" type="xstring" value="org.knime.core.data.def.StringCell"/>
<config key="org.knime.core.data.def.StringCell">
<entry key="StringCell" type="xstring" value="d0158V1962"/>
</config>
</config>
<config key="46">
<entry key="datacell" type="xstring" value="org.knime.core.data.def.StringCell"/>
<config key="org.knime.core.data.def.StringCell">
<entry key="StringCell" type="xstring" value="d0159V1962r"/>
</config>
</config>
<config key="47">
<entry key="datacell" type="xstring" value="org.knime.core.data.def.StringCell"/>
<config key="org.knime.core.data.def.StringCell">
<entry key="StringCell" type="xstring" value="d0159V1962v"/>
</config>
</config>
<config key="48">
<entry key="datacell" type="xstring" value="org.knime.core.data.def.StringCell"/>
<config key="org.knime.core.data.def.StringCell">
<entry key="StringCell" type="xstring" value="d0160V1962v"/>
</config>
</config>
<config key="49">
<entry key="datacell" type="xstring" value="org.knime.core.data.def.StringCell"/>
<config key="org.knime.core.data.def.StringCell">
<entry key="StringCell" type="xstring" value="d0180V1962r"/>
</config>
</config>
<config key="50">
<entry key="datacell" type="xstring" value="org.knime.core.data.def.StringCell"/>
<config key="org.knime.core.data.def.StringCell">
<entry key="StringCell" type="xstring" value="d0180V1962v"/>
</config>
</config>
<config key="51">
<entry key="datacell" type="xstring" value="org.knime.core.data.def.StringCell"/>
<config key="org.knime.core.data.def.StringCell">
<entry key="StringCell" type="xstring" value="d0190V1962r"/>
</config>
</config>
<config key="52">
<entry key="datacell" type="xstring" value="org.knime.core.data.def.StringCell"/>
<config key="org.knime.core.data.def.StringCell">
<entry key="StringCell" type="xstring" value="d0212V1962v"/>
</config>
</config>
<config key="53">
<entry key="datacell" type="xstring" value="org.knime.core.data.def.StringCell"/>
<config key="org.knime.core.data.def.StringCell">
<entry key="StringCell" type="xstring" value="d0303V1972v"/>
</config>
</config>
<config key="54">
<entry key="datacell" type="xstring" value="org.knime.core.data.def.StringCell"/>
<config key="org.knime.core.data.def.StringCell">
<entry key="StringCell" type="xstring" value="d0399V1962"/>
</config>
</config>
<config key="55">
<entry key="datacell" type="xstring" value="org.knime.core.data.def.StringCell"/>
<config key="org.knime.core.data.def.StringCell">
<entry key="StringCell" type="xstring" value="d0401V1962"/>
</config>
</config>
<config key="56">
<entry key="datacell" type="xstring" value="org.knime.core.data.def.StringCell"/>
<config key="org.knime.core.data.def.StringCell">
<entry key="StringCell" type="xstring" value="d0402V1962r"/>
</config>
</config>
<config key="57">
<entry key="datacell" type="xstring" value="org.knime.core.data.def.StringCell"/>
<config key="org.knime.core.data.def.StringCell">
<entry key="StringCell" type="xstring" value="d0402V1962v"/>
</config>
</config>
<config key="58">
<entry key="datacell" type="xstring" value="org.knime.core.data.def.StringCell"/>
<config key="org.knime.core.data.def.StringCell">
<entry key="StringCell" type="xstring" value="d1125S2005"/>
</config>
</config>
</config>
</config>
<config key="column_properties"/>
<config key="meta_data"/>
</config>
<config key="column_spec_2">
<entry key="column_name" type="xstring" value="Dimensions"/>
<config key="element_names">
<entry key="array-size" type="xint" value="0"/>
</config>
<config key="column_type">
<entry key="cell_class" type="xstring" value="org.knime.core.data.def.StringCell"/>
</config>
<config key="column_domain">
<config key="possible_values">
<entry key="array-size" type="xint" value="52"/>
<config key="0">
<entry key="datacell" type="xstring" value="org.knime.core.data.def.StringCell"/>
<config key="org.knime.core.data.def.StringCell">
<entry key="StringCell" type="xstring" value="435 cm x 362 cm"/>
</config>
</config>
<config key="1">
<entry key="datacell" type="xstring" value="org.knime.core.data.def.StringCell"/>
<config key="org.knime.core.data.def.StringCell">
<entry key="StringCell" type="xstring" value="432 cm x 300 cm 22 cm x 590 cm 462 cm x 95 cm"/>
</config>
</config>
<config key="2">
<entry key="datacell" type="xstring" value="org.knime.core.data.def.StringCell"/>
<config key="org.knime.core.data.def.StringCell">
<entry key="StringCell" type="xstring" value="505 cm x 398 cm 681 cm x 577 cm"/>
</config>
</config>
<config key="3">
<entry key="datacell" type="xstring" value="org.knime.core.data.def.StringCell"/>
<config key="org.knime.core.data.def.StringCell">
<entry key="StringCell" type="xstring" value="460 cm x 380 cm 551 cm x 465 cm"/>
</config>
</config>
<config key="4">
<entry key="datacell" type="xstring" value="org.knime.core.data.def.StringCell"/>
<config key="org.knime.core.data.def.StringCell">
<entry key="StringCell" type="xstring" value="455 cm x 330 cm 60 cm x 48 cm"/>
</config>
</config>
<config key="5">
<entry key="datacell" type="xstring" value="org.knime.core.data.def.StringCell"/>
<config key="org.knime.core.data.def.StringCell">
<entry key="StringCell" type="xstring" value="352 cm x 244 cm 529 cm x 419 cm"/>
</config>
</config>
<config key="6">
<entry key="datacell" type="xstring" value="org.knime.core.data.def.StringCell"/>
<config key="org.knime.core.data.def.StringCell">
<entry key="StringCell" type="xstring" value="444 cm x 337 cm 586 cm x 485 cm"/>
</config>
</config>
<config key="7">
<entry key="datacell" type="xstring" value="org.knime.core.data.def.StringCell"/>
<config key="org.knime.core.data.def.StringCell">
<entry key="StringCell" type="xstring" value="422 cm x 348 cm 585 cm x 51 cm"/>
</config>
</config>
<config key="8">
<entry key="datacell" type="xstring" value="org.knime.core.data.def.StringCell"/>
<config key="org.knime.core.data.def.StringCell">
<entry key="StringCell" type="xstring" value="425 cm x 321 cm 49 cm x 386 cm"/>
</config>
</config>
<config key="9">
<entry key="datacell" type="xstring" value="org.knime.core.data.def.StringCell"/>
<config key="org.knime.core.data.def.StringCell">
<entry key="StringCell" type="xstring" value="377 cm x 295 cm 536 cm x 455 cm"/>
</config>
</config>
<config key="10">
<entry key="datacell" type="xstring" value="org.knime.core.data.def.StringCell"/>
<config key="org.knime.core.data.def.StringCell">
<entry key="StringCell" type="xstring" value="420 cm x 333 cm 585 cm x 50 cm"/>
</config>
</config>
<config key="11">
<entry key="datacell" type="xstring" value="org.knime.core.data.def.StringCell"/>
<config key="org.knime.core.data.def.StringCell">
<entry key="StringCell" type="xstring" value="329 cm x 240 cm 417 cm x 331 cm"/>
</config>
</config>
<config key="12">
<entry key="datacell" type="xstring" value="org.knime.core.data.def.StringCell"/>
<config key="org.knime.core.data.def.StringCell">
<entry key="StringCell" type="xstring" value="438 cm x 300 cm 60 cm x 46 cm"/>
</config>
</config>
<config key="13">
<entry key="datacell" type="xstring" value="org.knime.core.data.def.StringCell"/>
<config key="org.knime.core.data.def.StringCell">
<entry key="StringCell" type="xstring" value="464 cm x 381 cm 551 cm x 468 cm"/>
</config>
</config>
<config key="14">
<entry key="datacell" type="xstring" value="org.knime.core.data.def.StringCell"/>
<config key="org.knime.core.data.def.StringCell">
<entry key="StringCell" type="xstring" value="422 cm x 345 cm"/>
</config>
</config>
<config key="15">
<entry key="datacell" type="xstring" value="org.knime.core.data.def.StringCell"/>
<config key="org.knime.core.data.def.StringCell">
<entry key="StringCell" type="xstring" value="353 cm x 271 cm 435 cm x 355 cm"/>
</config>
</config>
<config key="16">
<entry key="datacell" type="xstring" value="org.knime.core.data.def.StringCell"/>
<config key="org.knime.core.data.def.StringCell">
<entry key="StringCell" type="xstring" value="352 cm x 268 cm 44 cm x 36 cm"/>
</config>
</config>
<config key="17">
<entry key="datacell" type="xstring" value="org.knime.core.data.def.StringCell"/>
<config key="org.knime.core.data.def.StringCell">
<entry key="StringCell" type="xstring" value="350 cm x 270 cm 44 cm x 36 cm"/>
</config>
</config>
<config key="18">
<entry key="datacell" type="xstring" value="org.knime.core.data.def.StringCell"/>
<config key="org.knime.core.data.def.StringCell">
<entry key="StringCell" type="xstring" value="388 cm x 313 cm 54 cm x 46 cm"/>
</config>
</config>
<config key="19">
<entry key="datacell" type="xstring" value="org.knime.core.data.def.StringCell"/>
<config key="org.knime.core.data.def.StringCell">
<entry key="StringCell" type="xstring" value="427 cm x 335 cm 576 cm x 483 cm"/>
</config>
</config>
<config key="20">
<entry key="datacell" type="xstring" value="org.knime.core.data.def.StringCell"/>
<config key="org.knime.core.data.def.StringCell">
<entry key="StringCell" type="xstring" value="463 cm x 385 cm 664 cm x 581 cm"/>
</config>
</config>
<config key="21">
<entry key="datacell" type="xstring" value="org.knime.core.data.def.StringCell"/>
<config key="org.knime.core.data.def.StringCell">
<entry key="StringCell" type="xstring" value="408 cm x 271 cm 491 cm x 355 cm"/>
</config>
</config>
<config key="22">
<entry key="datacell" type="xstring" value="org.knime.core.data.def.StringCell"/>
<config key="org.knime.core.data.def.StringCell">
<entry key="StringCell" type="xstring" value="410 cm x 327 cm 496 cm x 416 cm"/>
</config>
</config>
<config key="23">
<entry key="datacell" type="xstring" value="org.knime.core.data.def.StringCell"/>
<config key="org.knime.core.data.def.StringCell">
<entry key="StringCell" type="xstring" value="353 cm x 272 cm 440 cm x 360 cm"/>
</config>
</config>
<config key="24">
<entry key="datacell" type="xstring" value="org.knime.core.data.def.StringCell"/>
<config key="org.knime.core.data.def.StringCell">
<entry key="StringCell" type="xstring" value="331 cm x 409 cm 415 cm x 497 cm"/>
</config>
</config>
<config key="25">
<entry key="datacell" type="xstring" value="org.knime.core.data.def.StringCell"/>
<config key="org.knime.core.data.def.StringCell">
<entry key="StringCell" type="xstring" value="478 cm x 348 cm 62 cm x 49 cm"/>
</config>
</config>
<config key="26">
<entry key="datacell" type="xstring" value="org.knime.core.data.def.StringCell"/>
<config key="org.knime.core.data.def.StringCell">
<entry key="StringCell" type="xstring" value="475 cm x 620 cm"/>
</config>
</config>
<config key="27">
<entry key="datacell" type="xstring" value="org.knime.core.data.def.StringCell"/>
<config key="org.knime.core.data.def.StringCell">
<entry key="StringCell" type="xstring" value="477 cm x 305 cm"/>
</config>
</config>
<config key="28">
<entry key="datacell" type="xstring" value="org.knime.core.data.def.StringCell"/>
<config key="org.knime.core.data.def.StringCell">
<entry key="StringCell" type="xstring" value="477 cm x 313 cm"/>
</config>
</config>
<config key="29">
<entry key="datacell" type="xstring" value="org.knime.core.data.def.StringCell"/>
<config key="org.knime.core.data.def.StringCell">
<entry key="StringCell" type="xstring" value="475 cm x 308 cm"/>
</config>
</config>
<config key="30">
<entry key="datacell" type="xstring" value="org.knime.core.data.def.StringCell"/>
<config key="org.knime.core.data.def.StringCell">
<entry key="StringCell" type="xstring" value="314 cm x 475 cm"/>
</config>
</config>
<config key="31">
<entry key="datacell" type="xstring" value="org.knime.core.data.def.StringCell"/>
<config key="org.knime.core.data.def.StringCell">
<entry key="StringCell" type="xstring" value="322 cm x 249 cm"/>
</config>
</config>
<config key="32">
<entry key="datacell" type="xstring" value="org.knime.core.data.def.StringCell"/>
<config key="org.knime.core.data.def.StringCell">
<entry key="StringCell" type="xstring" value="383 cm x 198 cm"/>
</config>
</config>
<config key="33">
<entry key="datacell" type="xstring" value="org.knime.core.data.def.StringCell"/>
<config key="org.knime.core.data.def.StringCell">
<entry key="StringCell" type="xstring" value="198 cm x 383 cm"/>
</config>
</config>
<config key="34">
<entry key="datacell" type="xstring" value="org.knime.core.data.def.StringCell"/>
<config key="org.knime.core.data.def.StringCell">
<entry key="StringCell" type="xstring" value="208 cm x 344 cm"/>
</config>
</config>
<config key="35">
<entry key="datacell" type="xstring" value="org.knime.core.data.def.StringCell"/>
<config key="org.knime.core.data.def.StringCell">
<entry key="StringCell" type="xstring" value="446 cm x 546 cm"/>
</config>
</config>
<config key="36">
<entry key="datacell" type="xstring" value="org.knime.core.data.def.StringCell"/>
<config key="org.knime.core.data.def.StringCell">
<entry key="StringCell" type="xstring" value="317 cm x 246 cm"/>
</config>
</config>
<config key="37">
<entry key="datacell" type="xstring" value="org.knime.core.data.def.StringCell"/>
<config key="org.knime.core.data.def.StringCell">
<entry key="StringCell" type="xstring" value="321 cm x 246 cm"/>
</config>
</config>
<config key="38">
<entry key="datacell" type="xstring" value="org.knime.core.data.def.StringCell"/>
<config key="org.knime.core.data.def.StringCell">
<entry key="StringCell" type="xstring" value="322 cm x 246 cm"/>
</config>
</config>
<config key="39">
<entry key="datacell" type="xstring" value="org.knime.core.data.def.StringCell"/>
<config key="org.knime.core.data.def.StringCell">
<entry key="StringCell" type="xstring" value="208 cm x 130 cm"/>
</config>
</config>
<config key="40">
<entry key="datacell" type="xstring" value="org.knime.core.data.def.StringCell"/>
<config key="org.knime.core.data.def.StringCell">
<entry key="StringCell" type="xstring" value="291 cm x 460 cm"/>
</config>
</config>
<config key="41">
<entry key="datacell" type="xstring" value="org.knime.core.data.def.StringCell"/>
<config key="org.knime.core.data.def.StringCell">
<entry key="StringCell" type="xstring" value="489 cm x 318 cm"/>
</config>
</config>
<config key="42">
<entry key="datacell" type="xstring" value="org.knime.core.data.def.StringCell"/>
<config key="org.knime.core.data.def.StringCell">
<entry key="StringCell" type="xstring" value="475 cm x 315 cm"/>
</config>
</config>
<config key="43">
<entry key="datacell" type="xstring" value="org.knime.core.data.def.StringCell"/>
<config key="org.knime.core.data.def.StringCell">
<entry key="StringCell" type="xstring" value="473 cm x 352 cm"/>
</config>
</config>
<config key="44">
<entry key="datacell" type="xstring" value="org.knime.core.data.def.StringCell"/>
<config key="org.knime.core.data.def.StringCell">
<entry key="StringCell" type="xstring" value="611 cm x 455 cm"/>
</config>
</config>
<config key="45">
<entry key="datacell" type="xstring" value="org.knime.core.data.def.StringCell"/>
<config key="org.knime.core.data.def.StringCell">
<entry key="StringCell" type="xstring" value="443 cm x 273 cm"/>
</config>
</config>
<config key="46">
<entry key="datacell" type="xstring" value="org.knime.core.data.def.StringCell"/>
<config key="org.knime.core.data.def.StringCell">
<entry key="StringCell" type="xstring" value="437 cm x 269 cm"/>
</config>
</config>
<config key="47">
<entry key="datacell" type="xstring" value="org.knime.core.data.def.StringCell"/>
<config key="org.knime.core.data.def.StringCell">
<entry key="StringCell" type="xstring" value="266 cm x 221 cm"/>
</config>
</config>
<config key="48">
<entry key="datacell" type="xstring" value="org.knime.core.data.def.StringCell"/>
<config key="org.knime.core.data.def.StringCell">
<entry key="StringCell" type="xstring" value="509 cm x 397 cm"/>
</config>
</config>
<config key="49">
<entry key="datacell" type="xstring" value="org.knime.core.data.def.StringCell"/>
<config key="org.knime.core.data.def.StringCell">
<entry key="StringCell" type="xstring" value="437 cm x 313 cm"/>
</config>
</config>
<config key="50">
<entry key="datacell" type="xstring" value="org.knime.core.data.def.StringCell"/>
<config key="org.knime.core.data.def.StringCell">
<entry key="StringCell" type="xstring" value="476 cm x 315 cm"/>
</config>
</config>
<config key="51">
<entry key="datacell" type="xstring" value="org.knime.core.data.def.StringCell"/>
<config key="org.knime.core.data.def.StringCell">
<entry key="StringCell" type="xstring" value="426 cm x 305 cm 823 cm x 706 cm"/>
</config>
</config>
</config>
</config>
<config key="column_properties"/>
<config key="meta_data"/>
</config>
<config key="column_spec_3">
<entry key="column_name" type="xstring" value="Provenance"/>
<config key="element_names">
<entry key="array-size" type="xint" value="0"/>
</config>
<config key="column_type">
<entry key="cell_class" type="xstring" value="org.knime.core.data.def.StringCell"/>
</config>
<config key="column_domain">
<config key="possible_values">
<entry key="array-size" type="xint" value="32"/>
<config key="0">
<entry key="datacell" type="xstring" value="org.knime.core.data.def.StringCell"/>
<config key="org.knime.core.data.def.StringCell">
<entry key="StringCell" type="xstring" value="With his brother Theo van Gogh Paris after May 1885 after Theos death on 25 January 1891 inherited by his widow Jo van GoghBonger and their son Vincent Willem van Gogh Paris administered until her death on 2 September 1925 by Jo van GoghBonger BussumAmsterdamLaren given on loan by Vincent Willem van Gogh Laren to the Stedelijk Museum Amsterdam since 16 December 1930 donated by Vincent Willem van Gogh on 11 March 1952 to the 1st Vincent van Gogh Foundation Laren transferred on 28 December 1960 by the 1st Vincent van Gogh Foundation to the Theo van Gogh Foundation Laren agreement concluded on 21 July 1962 between the 2nd Vincent van Gogh Foundation Amsterdam and the State of the Netherlands in which the preservation and management of the collection and its placing in the Rijksmuseum Vincent van Gogh to be realized in Amsterdam is entrusted to the State donated on 21 July 1962 by the Theo van Gogh Foundation to the Vincent van Gogh Foundation given on loan until the opening of the museum on 2 June 1973 to the Stedelijk Museum Amsterdam on permanent loan to the Rijksmuseum Vincent van Gogh from 2 June 1973 and at the Van Gogh Museum Amsterdam since 1 July 1994"/>
</config>
</config>
<config key="1">
<entry key="datacell" type="xstring" value="org.knime.core.data.def.StringCell"/>
<config key="org.knime.core.data.def.StringCell">
<entry key="StringCell" type="xstring" value="Probably taken from Nuenen by his brother Theo van Gogh Paris at the end of March 1885 after Theos death on 25 January 1891 inherited by his widow Jo van GoghBonger and their son Vincent Willem van Gogh Paris administered until her death on 2 September 1925 by Jo van GoghBonger BussumAmsterdamLaren given on loan by Vincent Willem van Gogh Laren to the Stedelijk Museum Amsterdam since 16 December 1930 transferred by Vincent Willem van Gogh on 10 July 1962 to the Vincent van Gogh Foundation Amsterdam agreement concluded on 21 July 1962 between the Vincent van Gogh Foundation and the State of the Netherlands in which the preservation and management of the collection and its placing in the Rijksmuseum Vincent van Gogh to be realized in Amsterdam is entrusted to the State given on loan until the opening of the museum on 2 June 1973 to the Stedelijk Museum Amsterdam on permanent loan to the Rijksmuseum Vincent van Gogh from 2 June 1973 and at the Van Gogh Museum Amsterdam since 1 July 1994"/>
</config>
</config>
<config key="2">
<entry key="datacell" type="xstring" value="org.knime.core.data.def.StringCell"/>
<config key="org.knime.core.data.def.StringCell">
<entry key="StringCell" type="xstring" value="With his brother Theo van Gogh Paris after December 1885 after Theos death on 25 January 1891 inherited by his widow Jo van GoghBonger and their son Vincent Willem van Gogh Paris administered until her death on 2 September 1925 by Jo van GoghBonger BussumAmsterdamLaren transferred by Vincent Willem van Gogh Laren on 10 July 1962 to the Vincent van Gogh Foundation Amsterdam agreement concluded on 21 July 1962 between the Vincent van Gogh Foundation and the State of the Netherlands in which the preservation and management of the collection and its placing in the Rijksmuseum Vincent van Gogh to be realized in Amsterdam is entrusted to the State given on loan until the opening of the museum on 2 June 1973 to the Stedelijk Museum Amsterdam on permanent loan to the Rijksmuseum Vincent van Gogh from 2 June 1973 and at the Van Gogh Museum Amsterdam since 1 July 1994"/>
</config>
</config>
<config key="3">
<entry key="datacell" type="xstring" value="org.knime.core.data.def.StringCell"/>
<config key="org.knime.core.data.def.StringCell">
<entry key="StringCell" type="xstring" value="Left by the artist at the apartment of his brother Theo van Gogh Paris midJune 1886 after Theos death on 25 January 1891 inherited by his widow Jo van GoghBonger and their son Vincent Willem van Gogh Paris administered until her death on 2 September 1925 by Jo van GoghBonger BussumAmsterdamLaren transferred by Vincent Willem van Gogh on 10 July 1962 to the Vincent van Gogh Foundation Amsterdam agreement concluded on 21 July 1962 between the Vincent van Gogh Foundation and the State of the Netherlands in which the preservation and management of the collection and its placing in the Rijksmuseum Vincent van Gogh to be realized in Amsterdam is entrusted to the State given on loan until the opening of the museum on 2 June 1973 to the Stedelijk Museum Amsterdam on permanent loan to the Rijksmuseum Vincent van Gogh from 2 June 1973 and at the Van Gogh Museum Amsterdam since 1 July 1994"/>
</config>
</config>
<config key="4">
<entry key="datacell" type="xstring" value="org.knime.core.data.def.StringCell"/>
<config key="org.knime.core.data.def.StringCell">
<entry key="StringCell" type="xstring" value="With his brother Theo van Gogh Paris after May 1885 after Theos death on 25 January 1891 inherited by his widow Jo van GoghBonger and their son Vincent Willem van Gogh Paris administered until her death on 2 September 1925 by Jo van GoghBonger BussumAmsterdamLaren transferred by Vincent Willem van Gogh Laren on 10 July 1962 to the Vincent van Gogh Foundation Amsterdam ratified 28 December 1970 agreement concluded on 21 July 1962 between the Vincent van Gogh Foundation and the State of the Netherlands in which the preservation and management of the collection and its placing in the Rijksmuseum Vincent van Gogh to be realized in Amsterdam is entrusted to the State given on loan until the opening of the museum on 2 June 1973 to the Stedelijk Museum Amsterdam on permanent loan to the Rijksmuseum Vincent van Gogh from 2 June 1973 and at the Van Gogh Museum Amsterdam since 1 July 1994"/>
</config>
</config>
<config key="5">
<entry key="datacell" type="xstring" value="org.knime.core.data.def.StringCell"/>
<config key="org.knime.core.data.def.StringCell">
<entry key="StringCell" type="xstring" value="With his brother Theo van Gogh Paris after December 1885 after Theos death on 25 January 1891 inherited by his widow Jo van GoghBonger and their son Vincent Willem van Gogh Paris administered until her death on 2 September 1925 by Jo van GoghBonger BussumAmsterdamLaren donated by Vincent Willem van Gogh on 11 March 1952 to the 1st Vincent van Gogh Foundation Laren transferred on 28 December 1960 by the 1st Vincent van Gogh Foundation to the Theo van Gogh Foundation Laren agreement concluded on 21 July 1962 between the 2nd Vincent van Gogh Foundation Amsterdam and the State of the Netherlands in which the preservation and management of the collection and its placing in the Rijksmuseum Vincent van Gogh to be realized in Amsterdam is entrusted to the State donated on 21 July 1962 by the Theo van Gogh Foundation to the Vincent van Gogh Foundation given on loan until the opening of the museum on 2 June 1973 to the Stedelijk Museum Amsterdam on permanent loan to the Rijksmuseum Vincent van Gogh from 2 June 1973 and at the Van Gogh Museum Amsterdam since 1 July 1994"/>
</config>
</config>
<config key="6">
<entry key="datacell" type="xstring" value="org.knime.core.data.def.StringCell"/>
<config key="org.knime.core.data.def.StringCell">
<entry key="StringCell" type="xstring" value="With his brother Theo van Gogh Paris after December 1885 after Theos death on 25 January 1891 inherited by his widow Jo van GoghBonger and their son Vincent Willem van Gogh Paris administered until her death on 2 September 1925 by Jo van GoghBonger BussumAmsterdamLaren transferred by Vincent Willem van Gogh on 10 July 1962 to the Vincent van Gogh Foundation Amsterdam agreement concluded on 21 July 1962 between the Vincent van Gogh Foundation and the State of the Netherlands in which the preservation and management of the collection and its placing in the Rijksmuseum Vincent van Gogh to be realized in Amsterdam is entrusted to the State given on loan until the opening of the museum on 2 June 1973 to the Stedelijk Museum Amsterdam on permanent loan to the Rijksmuseum Vincent van Gogh from 2 June 1973 and at the Van Gogh Museum Amsterdam since 1 July 1994"/>
</config>
</config>
<config key="7">
<entry key="datacell" type="xstring" value="org.knime.core.data.def.StringCell"/>
<config key="org.knime.core.data.def.StringCell">
<entry key="StringCell" type="xstring" value="Probably taken from Nuenen by his brother Theo van Gogh Paris 31 March 1885 after Theos death on 25 January 1891 inherited by his widow Jo van GoghBonger and their son Vincent Willem van Gogh Paris administered until her death on 2 September 1925 by Jo van GoghBonger BussumAmsterdamLaren transferred by Vincent Willem van Gogh on 10 July 1962 to the Vincent van Gogh Foundation Amsterdam agreement concluded on 21 July 1962 between the Vincent van Gogh Foundation and the State of the Netherlands in which the preservation and management of the collection and its placing in the Rijksmuseum Vincent van Gogh to be realized in Amsterdam is entrusted to the State given on loan until the opening of the museum on 2 June 1973 to the Stedelijk Museum Amsterdam on permanent loan to the Rijksmuseum Vincent van Gogh from 2 June 1973 and at the Van Gogh Museum Amsterdam since 1 July 1994"/>
</config>
</config>
<config key="8">
<entry key="datacell" type="xstring" value="org.knime.core.data.def.StringCell"/>
<config key="org.knime.core.data.def.StringCell">
<entry key="StringCell" type="xstring" value="With his brother Theo van Gogh Paris after May 1885 after Theos death on 25 January 1891 inherited by his widow Jo van GoghBonger and their son Vincent Willem van Gogh Paris administered until her death on 2 September 1925 by Jo van GoghBonger BussumAmsterdamLaren given on loan by Vincent Willem van Gogh Laren to the Stedelijk Museum Amsterdam since 16 December 1930 transferred by Vincent Willem van Gogh on 10 July 1962 to the Vincent van Gogh Foundation Amsterdam agreement concluded on 21 July 1962 between the Vincent van Gogh Foundation and the State of the Netherlands in which the preservation and management of the collection and its placing in the Rijksmuseum Vincent van Gogh to be realized in Amsterdam is entrusted to the State given on loan until the opening of the museum on 2 June 1973 to the Stedelijk Museum Amsterdam on permanent loan to the Rijksmuseum Vincent van Gogh from 2 June 1973 and at the Van Gogh Museum Amsterdam since 1 July 1994"/>
</config>
</config>
<config key="9">
<entry key="datacell" type="xstring" value="org.knime.core.data.def.StringCell"/>
<config key="org.knime.core.data.def.StringCell">
<entry key="StringCell" type="xstring" value="With his brother Theo van Gogh Paris after February 1885 after Theos death on 25 January 1891 inherited by his widow Jo van GoghBonger and their son Vincent Willem van Gogh Paris administered until her death on 2 September 1925 by Jo van GoghBonger BussumAmsterdamLaren given on loan by Vincent Willem van Gogh Laren to the Stedelijk Museum Amsterdam since 16 December 1930 donated by Vincent Willem van Gogh on 11 March 1952 to the 1st Vincent van Gogh Foundation Laren transferred on 28 December 1960 by the 1st Vincent van Gogh Foundation to the Theo van Gogh Foundation Laren agreement concluded on 21 July 1962 between the 2nd Vincent van Gogh Foundation Amsterdam and the State of the Netherlands in which the preservation and management of the collection and its placing in the Rijksmuseum Vincent van Gogh to be realized in Amsterdam is entrusted to the State donated on 21 July 1962 by the Theo van Gogh Foundation to the Vincent van Gogh Foundation given on loan until the opening of the museum on 2 June 1973 to the Stedelijk Museum Amsterdam on permanent loan to the Rijksmuseum Vincent van Gogh from 2 June 1973 and at the Van Gogh Museum Amsterdam since 1 July 1994"/>
</config>
</config>
<config key="10">
<entry key="datacell" type="xstring" value="org.knime.core.data.def.StringCell"/>
<config key="org.knime.core.data.def.StringCell">
<entry key="StringCell" type="xstring" value="With his brother Theo van Gogh Paris after January 1885 after Theos death on 25 January 1891 inherited by his widow Jo van GoghBonger and their son Vincent Willem van Gogh Paris administered until her death on 2 September 1925 by Jo van GoghBonger BussumAmsterdamLaren transferred by Vincent Willem van Gogh Laren on 10 July 1962 to the Vincent van Gogh Foundation Amsterdam agreement concluded on 21 July 1962 between the Vincent van Gogh Foundation and the State of the Netherlands in which the preservation and management of the collection and its placing in the Rijksmuseum Vincent van Gogh to be realized in Amsterdam is entrusted to the State given on loan until the opening of the museum on 2 June 1973 to the Stedelijk Museum Amsterdam on permanent loan to the Rijksmuseum Vincent van Gogh from 2 June 1973 and at the Van Gogh Museum Amsterdam since 1 July 1994"/>
</config>
</config>
<config key="11">
<entry key="datacell" type="xstring" value="org.knime.core.data.def.StringCell"/>
<config key="org.knime.core.data.def.StringCell">
<entry key="StringCell" type="xstring" value="Left by the artist at the apartment of his brother Theo van Gogh Paris sometime between February and March 1887 after Theos death on 25 January 1891 inherited by his widow Jo van GoghBonger and their son Vincent Willem van Gogh Paris administered until her death on 2 September 1925 by Jo van GoghBonger BussumAmsterdamLaren transferred by Vincent Willem van Gogh Laren on 10 July 1962 to the Vincent van Gogh Foundation Amsterdam ratified 28 December 1970 agreement concluded on 21 July 1962 between the Vincent van Gogh Foundation and the State of the Netherlands in which the preservation and management of the collection and its placing in the Rijksmuseum Vincent van Gogh to be realized in Amsterdam is entrusted to the State given on loan until the opening of the museum on 2 June 1973 to the Stedelijk Museum Amsterdam on permanent loan to the Rijksmuseum Vincent van Gogh from 2 June 1973 and at the Van Gogh Museum Amsterdam since 1 July 1994"/>
</config>
</config>
<config key="12">
<entry key="datacell" type="xstring" value="org.knime.core.data.def.StringCell"/>
<config key="org.knime.core.data.def.StringCell">
<entry key="StringCell" type="xstring" value="Probably taken from Nuenen by his brother Theo van Gogh Paris March 1885 after Theos death on 25 January 1891 inherited by his widow Jo van GoghBonger and their son Vincent Willem van Gogh Paris administered until her death on 2 September 1925 by Jo van GoghBonger BussumAmsterdamLaren transferred by Vincent Willem van Gogh Laren on 10 July 1962 to the Vincent van Gogh Foundation Amsterdam agreement concluded on 21 July 1962 between the Vincent van Gogh Foundation and the State of the Netherlands in which the preservation and management of the collection and its placing in the Rijksmuseum Vincent van Gogh to be realized in Amsterdam is entrusted to the State given on loan until the opening of the museum on 2 June 1973 to the Stedelijk Museum Amsterdam on permanent loan to the Rijksmuseum Vincent van Gogh from 2 June 1973 and at the Van Gogh Museum Amsterdam since 1 July 1994"/>
</config>
</config>
<config key="13">
<entry key="datacell" type="xstring" value="org.knime.core.data.def.StringCell"/>
<config key="org.knime.core.data.def.StringCell">
<entry key="StringCell" type="xstring" value="Left by the artist at the apartment of his brother Theo van Gogh Paris mid June 1886 after Theos death on 25 January 1891 inherited by his widow Jo van GoghBonger and their son Vincent Willem van Gogh Paris administered until her death on 2 September 1925 by Jo van GoghBonger BussumAmsterdamLaren donated by Vincent Willem van Gogh on 11 March 1952 to the 1st Vincent van Gogh Foundation Laren transferred on 28 December 1960 by the 1st Vincent van Gogh Foundation to the Theo van Gogh Foundation Laren agreement concluded on 21 July 1962 between the 2nd Vincent van Gogh Foundation Amsterdam and the State of the Netherlands in which the preservation and management of the collection and its placing in the Rijksmuseum Vincent van Gogh to be realized in Amsterdam is entrusted to the State donated on 21 July 1962 by the Theo van Gogh Foundation to the Vincent van Gogh Foundation given on loan until the opening of the museum on 2 June 1973 to the Stedelijk Museum Amsterdam on permanent loan to the Rijksmuseum Vincent van Gogh from 2 June 1973 and at the Van Gogh Museum Amsterdam since 1 July 1994"/>
</config>
</config>
<config key="14">
<entry key="datacell" type="xstring" value="org.knime.core.data.def.StringCell"/>
<config key="org.knime.core.data.def.StringCell">
<entry key="StringCell" type="xstring" value="With his brother Theo van Gogh Paris after May 1885 after Theos death on 25 January 1891 inherited by his widow Jo van GoghBonger and their son Vincent Willem van Gogh Paris administered until her death on 2 September 1925 by Jo van GoghBonger BussumAmsterdamLaren transferred by Vincent Willem van Gogh Laren on 10 July 1962 to the Vincent van Gogh Foundation Amsterdam agreement concluded on 21 July 1962 between the Vincent van Gogh Foundation and the State of the Netherlands in which the preservation and management of the collection and its placing in the Rijksmuseum Vincent van Gogh to be realized in Amsterdam is entrusted to the State given on loan until the opening of the museum on 2 June 1973 to the Stedelijk Museum Amsterdam on permanent loan to the Rijksmuseum Vincent van Gogh from 2 June 1973 and at the Van Gogh Museum Amsterdam since 1 July 1994"/>
</config>
</config>
<config key="15">
<entry key="datacell" type="xstring" value="org.knime.core.data.def.StringCell"/>
<config key="org.knime.core.data.def.StringCell">
<entry key="StringCell" type="xstring" value="Left by the artist at the apartment of his brother Theo van Gogh Paris mid June 1886 after Theos death on 25 January 1891 inherited by his widow Jo van GoghBonger and their son Vincent Willem van Gogh Paris administered until her death on 2 September 1925 by Jo van GoghBonger BussumAmsterdamLaren transferred by Vincent Willem van Gogh Laren on 10 July 1962 to the Vincent van Gogh Foundation Amsterdam agreement concluded on 21 July 1962 between the Vincent van Gogh Foundation and the State of the Netherlands in which the preservation and management of the collection and its placing in the Rijksmuseum Vincent van Gogh to be realized in Amsterdam is entrusted to the State given on loan until the opening of the museum on 2 June 1973 to the Stedelijk Museum Amsterdam on permanent loan to the Rijksmuseum Vincent van Gogh from 2 June 1973 and at the Van Gogh Museum Amsterdam since 1 July 1994"/>
</config>
</config>
<config key="16">
<entry key="datacell" type="xstring" value="org.knime.core.data.def.StringCell"/>
<config key="org.knime.core.data.def.StringCell">
<entry key="StringCell" type="xstring" value="With his brother Theo van Gogh Paris after March 1885 after Theos death on 25 January 1891 inherited by his widow Jo van GoghBonger and their son Vincent Willem van Gogh Paris administered until her death on 2 September 1925 by Jo van GoghBonger BussumAmsterdamLaren transferred by Vincent Willem van Gogh Laren on 10 July 1962 to the Vincent van Gogh Foundation Amsterdam agreement concluded on 21 July 1962 between the Vincent van Gogh Foundation and the State of the Netherlands in which the preservation and management of the collection and its placing in the Rijksmuseum Vincent van Gogh to be realized in Amsterdam is entrusted to the State given on loan until the opening of the museum on 2 June 1973 to the Stedelijk Museum Amsterdam on permanent loan to the Rijksmuseum Vincent van Gogh from 2 June 1973 and at the Van Gogh Museum Amsterdam since 1 July 1994"/>
</config>
</config>
<config key="17">
<entry key="datacell" type="xstring" value="org.knime.core.data.def.StringCell"/>
<config key="org.knime.core.data.def.StringCell">
<entry key="StringCell" type="xstring" value="Taken from Nuenen by his brother Theo van Gogh Paris at the end of March 1885 after Theos death on 25 January 1891 inherited by his widow Jo van GoghBonger and their son Vincent Willem van Gogh Paris administered until her death on 2 September 1925 by Jo van GoghBonger BussumAmsterdamLaren transferred by Vincent Willem van Gogh Laren on 10 July 1962 to the Vincent van Gogh Foundation Amsterdam agreement concluded on 21 July 1962 between the Vincent van Gogh Foundation and the State of the Netherlands in which the preservation and management of the collection and its placing in the Rijksmuseum Vincent van Gogh to be realized in Amsterdam is entrusted to the State given on loan until the opening of the museum on 2 June 1973 to the Stedelijk Museum Amsterdam on permanent loan to the Rijksmuseum Vincent van Gogh from 2 June 1973 and at the Van Gogh Museum Amsterdam since 1 July 1994"/>
</config>
</config>
<config key="18">
<entry key="datacell" type="xstring" value="org.knime.core.data.def.StringCell"/>
<config key="org.knime.core.data.def.StringCell">
<entry key="StringCell" type="xstring" value="Left by the artist at the apartment of his brother Theo van Gogh Paris FebruaryMarch 1887 after Theos death on 25 January 1891 inherited by his widow Jo van GoghBonger and their son Vincent Willem van Gogh Paris administered until her death on 2 September 1925 by Jo van GoghBonger BussumAmsterdamLaren transferred by Vincent Willem van Gogh Laren on 10 July 1962 to the Vincent van Gogh Foundation Amsterdam agreement concluded on 21 July 1962 between the Vincent van Gogh Foundation and the State of the Netherlands in which the preservation and management of the collection and its placing in the Rijksmuseum Vincent van Gogh to be realized in Amsterdam is entrusted to the State given on loan until the opening of the museum on 2 June 1973 to the Stedelijk Museum Amsterdam on permanent loan to the Rijksmuseum Vincent van Gogh from 2 June 1973 and at the Van Gogh Museum Amsterdam since 1 July 1994"/>
</config>
</config>
<config key="19">
<entry key="datacell" type="xstring" value="org.knime.core.data.def.StringCell"/>
<config key="org.knime.core.data.def.StringCell">
<entry key="StringCell" type="xstring" value="Left by the artist at the apartment of his brother Theo van Gogh Paris mid June 1886 after Theos death on 25 January 1891 inherited by his widow Jo van GoghBonger and their son Vincent Willem van Gogh Paris administered until her death on 2 September 1925 by Jo van GoghBonger BussumAmsterdamLaren transferred by Vincent Willem van Gogh Laren on 10 July 1962 to the Vincent van Gogh Foundation Amsterdam ratified 28 December 1970 agreement concluded on 21 July 1962 between the Vincent van Gogh Foundation and the State of the Netherlands in which the preservation and management of the collection and its placing in the Rijksmuseum Vincent van Gogh to be realized in Amsterdam is entrusted to the State given on loan until the opening of the museum on 2 June 1973 to the Stedelijk Museum Amsterdam on permanent loan to the Rijksmuseum Vincent van Gogh from 2 June 1973 and at the Van Gogh Museum Amsterdam since 1 July 1994"/>
</config>
</config>
<config key="20">
<entry key="datacell" type="xstring" value="org.knime.core.data.def.StringCell"/>
<config key="org.knime.core.data.def.StringCell">
<entry key="StringCell" type="xstring" value="Probably left by the artist with his mother AC van GoghCarbentus NuenenBreda sometime between November 1885 and February 1886 given in safekeeping to Janus Schrauwen Breda April 1888 left with Janus Schrauwen by AC van GoghCarbentus after her move to Leiden 1889 sold by Janus Schrauwen to Jan C Couvreur 14 August 1902 sold by Jan C Couvreur to Kees Mouwen Jr and Willem van Bakel Breda 190203 given on consignment by Kees Mouwen Jr and Willem van Bakel to Kunstzalen Oldenzeel Rotterdam 190304 probably sold by Kunstzalen Oldenzeel to HP Bremmer The Hague after his death on 10 January 1956 bequeathed to his inheritance sold by the inheritance to Kunsthandel Van Wisselingh Amsterdam 1960 1962 sold by Kunsthandel Van Wisselingh to HAD Thomas Amsterdam after his death in 1964 inherited by his mother D ThomasMager Amsterdam after her death in 1965 donated to the Vincent van Gogh Foundation given on loan until the opening of the museum on 2 June 1973 to the Stedelijk Museum Amsterdam on permanent loan to the Rijksmuseum Vincent van Gogh from 2 June 1973 and at the Van Gogh Museum Amsterdam since 1 July 1994"/>
</config>
</config>
<config key="21">
<entry key="datacell" type="xstring" value="org.knime.core.data.def.StringCell"/>
<config key="org.knime.core.data.def.StringCell">
<entry key="StringCell" type="xstring" value="Left by the artist at the apartment of his brother Theo van Gogh Paris sometime between October 1886 and January 1887 after Theos death on 25 January 1891 inherited by his widow Jo van GoghBonger and their son Vincent Willem van Gogh Paris administered until her death on 2 September 1925 by Jo van GoghBonger BussumAmsterdamLaren transferred by Vincent Willem van Gogh Laren on 10 July 1962 to the Vincent van Gogh Foundation Amsterdam agreement concluded on 21 July 1962 between the Vincent van Gogh Foundation and the State of the Netherlands in which the preservation and management of the collection and its placing in the Rijksmuseum Vincent van Gogh to be realized in Amsterdam is entrusted to the State given on loan until the opening of the museum on 2 June 1973 to the Stedelijk Museum Amsterdam on permanent loan to the Rijksmuseum Vincent van Gogh from 2 June 1973 and at the Van Gogh Museum Amsterdam since 1 July 1994"/>
</config>
</config>
<config key="22">
<entry key="datacell" type="xstring" value="org.knime.core.data.def.StringCell"/>
<config key="org.knime.core.data.def.StringCell">
<entry key="StringCell" type="xstring" value="Left by the artist at the apartment of his brother Theo van Gogh Paris sometime between October 1886 and January 1887 after Theos death on 25 January 1891 inherited by his widow Jo van GoghBonger and their son Vincent Willem van Gogh Paris administered until her death on 2 September 1925 by Jo van GoghBonger BussumAmsterdamLaren given on loan by Vincent Willem van Gogh Laren to the Stedelijk Museum Amsterdam since 22 October 1931 transferred by Vincent Willem van Gogh on 10 July 1962 to the Vincent van Gogh Foundation Amsterdam agreement concluded on 21 July 1962 between the Vincent van Gogh Foundation and the State of the Netherlands in which the preservation and management of the collection and its placing in the Rijksmuseum Vincent van Gogh to be realized in Amsterdam is entrusted to the State given on loan until the opening of the museum on 2 June 1973 to the Stedelijk Museum Amsterdam on permanent loan to the Rijksmuseum Vincent van Gogh from 2 June 1973 and at the Van Gogh Museum Amsterdam since 1 July 1994"/>
</config>
</config>
<config key="23">
<entry key="datacell" type="xstring" value="org.knime.core.data.def.StringCell"/>
<config key="org.knime.core.data.def.StringCell">
<entry key="StringCell" type="xstring" value="Left by the artist at the apartment of his brother Theo van Gogh Paris 1887 after Theos death on 25 January 1891 inherited by his widow Jo van GoghBonger and their son Vincent Willem van Gogh Paris administered until her death on 2 September 1925 by Jo van GoghBonger BussumAmsterdamLaren transferred by Vincent Willem van Gogh Laren on 10 July 1962 to the Vincent van Gogh Foundation Amsterdam agreement concluded on 21 July 1962 between the Vincent van Gogh Foundation and the State of the Netherlands in which the preservation and management of the collection and its placing in the Rijksmuseum Vincent van Gogh to be realized in Amsterdam is entrusted to the State given on loan until the opening of the museum on 2 June 1973 to the Stedelijk Museum Amsterdam on permanent loan to the Rijksmuseum Vincent van Gogh from 2 June 1973 and at the Van Gogh Museum Amsterdam since 1 July 1994"/>
</config>
</config>
<config key="24">
<entry key="datacell" type="xstring" value="org.knime.core.data.def.StringCell"/>
<config key="org.knime.core.data.def.StringCell">
<entry key="StringCell" type="xstring" value="With his brother Theo van Gogh Paris after May 1885 after Theos death on 25 January 1891 inherited by his widow Jo van GoghBonger and their son Vincent Willem van Gogh Paris administered until her death on 2 September 1925 by Jo van GoghBonger BussumAmsterdamLaren given on loan by Vincent Willem van Gogh Laren to the Stedelijk Museum Amsterdam since 22 October 1931 transferred by Vincent Willem van Gogh on 10 July 1962 to the Vincent van Gogh Foundation Amsterdam agreement concluded on 21 July 1962 between the Vincent van Gogh Foundation and the State of the Netherlands in which the preservation and management of the collection and its placing in the Rijksmuseum Vincent van Gogh to be realized in Amsterdam is entrusted to the State given on loan until the opening of the museum on 2 June 1973 to the Stedelijk Museum Amsterdam on permanent loan to the Rijksmuseum Vincent van Gogh from 2 June 1973 and at the Van Gogh Museum Amsterdam since 1 July 1994"/>
</config>
</config>
<config key="25">
<entry key="datacell" type="xstring" value="org.knime.core.data.def.StringCell"/>
<config key="org.knime.core.data.def.StringCell">
<entry key="StringCell" type="xstring" value="With his brother Theo van Gogh Paris after the first half of June 1890 after Theos death on 25 January 1891 inherited by his widow Jo van GoghBonger and their son Vincent Willem van Gogh Paris administered until her death on 2 September 1925 by Jo van GoghBonger BussumAmsterdamLaren transferred by Vincent Willem van Gogh Laren on 10 July 1962 to the Vincent van Gogh Foundation Amsterdam agreement concluded on 21 July 1962 between the Vincent van Gogh Foundation and the State of the Netherlands in which the preservation and management of the collection and its placing in the Rijksmuseum Vincent van Gogh to be realized in Amsterdam is entrusted to the State given on loan until the opening of the museum on 2 June 1973 to the Stedelijk Museum Amsterdam on permanent loan to the Rijksmuseum Vincent van Gogh from 2 June 1973 and at the Van Gogh Museum Amsterdam since 1 July 1994"/>
</config>
</config>
<config key="26">
<entry key="datacell" type="xstring" value="org.knime.core.data.def.StringCell"/>
<config key="org.knime.core.data.def.StringCell">
<entry key="StringCell" type="xstring" value="Left by the artist at the apartment of his brother Theo van Gogh Paris 1887 after Theos death on 25 January 1891 inherited by his widow Jo van GoghBonger and their son Vincent Willem van Gogh Paris administered until her death on 2 September 1925 by Jo van GoghBonger BussumAmsterdamLaren transferred by Vincent Willem van Gogh Laren on 10 July 1962 to the Vincent van Gogh Foundation Amsterdam ratified 28 December 1970 agreement concluded on 21 July 1962 between the Vincent van Gogh Foundation and the State of the Netherlands in which the preservation and management of the collection and its placing in the Rijksmuseum Vincent van Gogh to be realized in Amsterdam is entrusted to the State given on loan until the opening of the museum on 2 June 1973 to the Stedelijk Museum Amsterdam on permanent loan to the Rijksmuseum Vincent van Gogh from 2 June 1973 and at the Van Gogh Museum Amsterdam since 1 July 1994"/>
</config>
</config>
<config key="27">
<entry key="datacell" type="xstring" value="org.knime.core.data.def.StringCell"/>
<config key="org.knime.core.data.def.StringCell">
<entry key="StringCell" type="xstring" value="Left by the artist at the apartment of his brother Theo van Gogh Paris sometime between June and September 1887 after Theos death on 25 January 1891 inherited by his widow Jo van GoghBonger and their son Vincent Willem van Gogh Paris administered until her death on 2 September 1925 by Jo van GoghBonger BussumAmsterdamLaren agreement concluded on 21 July 1962 between the Vincent van Gogh Foundation and the State of the Netherlands in which the preservation and management of the collection and its placing in the Rijksmuseum Vincent van Gogh to be realized in Amsterdam is entrusted to the State transferred by Vincent Willem van Gogh Laren to the Vincent van Gogh Foundation Amsterdam 14 March 1970 given on loan until the opening of the museum on 2 June 1973 to the Stedelijk Museum Amsterdam on permanent loan to the Rijksmuseum Vincent van Gogh from 2 June 1973 and at the Van Gogh Museum Amsterdam since 1 July 1994"/>
</config>
</config>
<config key="28">
<entry key="datacell" type="xstring" value="org.knime.core.data.def.StringCell"/>
<config key="org.knime.core.data.def.StringCell">
<entry key="StringCell" type="xstring" value="With his brother Theo van Gogh Paris after July 1890 after Theos death on 25 January 1891 inherited by his widow Jo van GoghBonger and their son Vincent Willem van Gogh Paris administered until her death on 2 September 1925 by Jo van GoghBonger BussumAmsterdamLaren transferred by Vincent Willem van Gogh Laren on 10 July 1962 to the Vincent van Gogh Foundation Amsterdam agreement concluded on 21 July 1962 between the Vincent van Gogh Foundation and the State of the Netherlands in which the preservation and management of the collection and its placing in the Rijksmuseum Vincent van Gogh to be realized in Amsterdam is entrusted to the State given on loan until the opening of the museum on 2 June 1973 to the Stedelijk Museum Amsterdam on permanent loan to the Rijksmuseum Vincent van Gogh from 2 June 1973 and at the Van Gogh Museum Amsterdam since 1 July 1994"/>
</config>
</config>
<config key="29">
<entry key="datacell" type="xstring" value="org.knime.core.data.def.StringCell"/>
<config key="org.knime.core.data.def.StringCell">
<entry key="StringCell" type="xstring" value="With his brother Theo van Gogh Paris after midJune 1890 after Theos death on 25 January 1891 inherited by his widow Jo van GoghBonger and their son Vincent Willem van Gogh Paris administered until her death on 2 September 1925 by Jo van GoghBonger BussumAmsterdamLaren given on loan by Vincent Willem van Gogh Laren to the Stedelijk Museum Amsterdam since 22 October 1931 transferred by Vincent Willem van Gogh on 10 July 1962 to the Vincent van Gogh Foundation Amsterdam agreement concluded on 21 July 1962 between the Vincent van Gogh Foundation and the State of the Netherlands in which the preservation and management of the collection and its placing in the Rijksmuseum Vincent van Gogh to be realized in Amsterdam is entrusted to the State given on loan until the opening of the museum on 2 June 1973 to the Stedelijk Museum Amsterdam on permanent loan to the Rijksmuseum Vincent van Gogh from 2 June 1973 and at the Van Gogh Museum Amsterdam since 1 July 1994"/>
</config>
</config>
<config key="30">
<entry key="datacell" type="xstring" value="org.knime.core.data.def.StringCell"/>
<config key="org.knime.core.data.def.StringCell">
<entry key="StringCell" type="xstring" value="Left by the artist at the apartment of his brother Theo van Gogh Paris sometime between October 1886 and January 1887 after Theos death on 25 January 1891 inherited by his widow Jo van GoghBonger and their son Vincent Willem van Gogh Paris administered until her death on 2 September 1925 by Jo van GoghBonger BussumAmsterdamLaren agreement concluded on 21 July 1962 between the Vincent van Gogh Foundation and the State of the Netherlands in which the preservation and management of the collection and its placing in the Rijksmuseum Vincent van Gogh to be realized in Amsterdam is entrusted to the State transferred by Vincent Willem van Gogh Laren to the Vincent van Gogh Foundation Amsterdam 17 May 1972 given on loan until the opening of the museum on 2 June 1973 to the Stedelijk Museum Amsterdam on permanent loan to the Rijksmuseum Vincent van Gogh from 2 June 1973 and at the Van Gogh Museum Amsterdam since 1 July 1994"/>
</config>
</config>
<config key="31">
<entry key="datacell" type="xstring" value="org.knime.core.data.def.StringCell"/>
<config key="org.knime.core.data.def.StringCell">
<entry key="StringCell" type="xstring" value="Bought by HP Bremmer The Hague sometime between 1914 and 1920 after his death on 10 January 1956 with the heirs Bremmer The Hague with his son F Bremmer The Hague c 1960 after his death on 4 November 1981 inherited by his widow AA BremmerHollmann The Hague after her death in 1989 bequeathed to her inheritance 12 December 1990 sale Amsterdam Christies Impressionist and modern art from the collection of the late Mrs AA BremmerHollmann The Hague lot 254 Jacob Meyers daughterafter Hans Holbein bought by Blondeau Fine Art Services Geneve for NLG 74750 2004 sold by Blondeau Fine Art Services to Annet Gelink Gallery Amsterdam 2004 sold by Annet Gelink Gallery to the Van Gogh Museum and the Kroller Muller Museum 2005"/>
</config>
</config>
</config>
</config>
<config key="column_properties"/>
<config key="meta_data"/>
</config>
<config key="column_spec_4">
<entry key="column_name" type="xstring" value="artist"/>
<config key="element_names">
<entry key="array-size" type="xint" value="0"/>
</config>
<config key="column_type">
<entry key="cell_class" type="xstring" value="org.knime.core.data.def.StringCell"/>
</config>
<config key="column_domain">
<config key="possible_values">
<entry key="array-size" type="xint" value="1"/>
<config key="0">
<entry key="datacell" type="xstring" value="org.knime.core.data.def.StringCell"/>
<config key="org.knime.core.data.def.StringCell">
<entry key="StringCell" type="xstring" value="Vincent van Gogh"/>
</config>
</config>
</config>
</config>
<config key="column_properties"/>
<config key="meta_data"/>
</config>
</config>
